category_code,department
agro_industria_e_comercio,agro industry and commerce
alimentos,food
alimentos_bebidas,food drink
artes,art
artes_e_artesanato,arts and craftmanship
artigos_de_festas,party supplies
artigos_de_natal,christmas supplies
audio,audio
automotivo,auto
bebes,baby
bebidas,drinks
beleza_saude,health beauty
brinquedos,toys
cama_mesa_banho,bed bath table
casa_conforto,home confort
casa_conforto_2,home comfort 2
casa_construcao,home construction
cds_dvds_musicais,cds dvds musicals
cine_foto,cine photo
climatizacao,air conditioning
consoles_games,consoles games
construcao_ferramentas_construcao,construction tools construction
construcao_ferramentas_ferramentas,costruction tools tools
construcao_ferramentas_iluminacao,construction tools lights
construcao_ferramentas_jardim,costruction tools garden
construcao_ferramentas_seguranca,construction tools safety
cool_stuff,cool stuff
dvds_blu_ray,dvds blu ray
eletrodomesticos,home appliances
eletrodomesticos_2,home appliances 2
eletronicos,electronics
eletroportateis,small appliances
esporte_lazer,sports leisure
fashion_bolsas_e_acessorios,fashion bags accessories
fashion_calcados,fashion shoes
fashion_esporte,fashion sport
fashion_roupa_feminina,fashio female clothing
fashion_roupa_infanto_juvenil,fashion childrens clothes
fashion_roupa_masculina,fashion male clothing
fashion_underwear_e_moda_praia,fashion underwear beach
ferramentas_jardim,garden tools
flores,flowers
fraldas_higiene,diapers and hygiene
industria_comercio_e_negocios,industry commerce and business
informatica_acessorios,computers accessories
instrumentos_musicais,musical instruments
la_cuisine,la cuisine
livros_importados,books imported
livros_interesse_geral,books general interest
livros_tecnicos,books technical
malas_acessorios,luggage accessories
market_place,market place
moveis_colchao_e_estofado,furniture mattress and upholstery
moveis_cozinha_area_de_servico_jantar_e_jardim,kitchen dining laundry garden furniture
moveis_decoracao,furniture decor
moveis_escritorio,office furniture
moveis_quarto,furniture bedroom
moveis_sala,furniture living room
musica,music
papelaria,stationery
pc_gamer,pc gamer
pcs,computers
perfumaria,perfumery
pet_shop,pet shop
portateis_casa_forno_e_cafe,small appliances home oven and coffee
portateis_cozinha_e_preparadores_de_alimentos,portateis cozinha e preparadores de alimentos
relogios_presentes,watches gifts
seguros_e_servicos,security and services
sinalizacao_e_seguranca,signaling and security
tablets_impressao_imagem,tablets printing image
telefonia,telephony
telefonia_fixa,fixed telephony
utilidades_domesticas,housewares
